Category,Progress,Status,Details
License Searches,100,complete,15/15 states, 547 files
Company Registrations,100,complete,12/12 complete
Employee Roles,100,complete,2/2 files
Property Contracts,200,templates_ready,2/1 templates
Regulatory Complaints,200,templates_ready,2/1 templates
Financial Records,200,templates_ready,2/1 templates
News Coverage,250,templates_ready,5/2 templates
Fair Housing,200,templates_ready,6/3 templates
Professional Memberships,200,templates_ready,4/2 templates
Social Media,233,templates_ready,7/3 templates
